,username,total_views,avg_views,total_likes,avg_likes,total_comments,total_shares,total_collects,total_videos,engagement_rate,post_freqency,food_related_videos,food_video_percentage
0,.banhsukem,129723993.0,400382.69444444444,4459738.0,13764.623456790123,48486.0,402253.0,637857.0,324,0.04277029924603076,1.971545138888889,160,49.382716049382715
1,1108ng,60360709.0,179644.96726190476,1240351.0,3691.5208333333335,25571.0,163195.0,276489.0,336,0.02825689141590434,1.7420138888888888,336,100.0
2,1phutsaigon,32577503.0,75761.63488372094,1483889.0,3450.9046511627907,22014.0,189799.0,236164.0,430,0.05930061613377796,1.026712962962963,182,42.32558139534884
3,30days__giamcanlanhmanh,4378200.0,19287.224669603525,109516.0,482.44933920704847,3846.0,6301.0,20521.0,227,0.032018637796354665,1.1009635416666665,222,97.79735682819384
4,_tidofood,249864500.0,957335.2490421456,6853142.0,26257.249042145595,67344.0,67272.0,372415.0,261,0.029456657508369535,2.0,41,15.708812260536398
5,_trinhhavi_,168469700.0,996862.1301775147,10756398.0,63647.325443786984,36737.0,184304.0,417163.0,169,0.06763591316420697,3.8032609953703704,0,0.0
6,_ttqueen,814534800.0,4242368.75,44166000.0,230031.25,341710.0,600980.0,1595971.0,192,0.05733906151093851,3.0317881944444447,1,0.5208333333333333
7,amthuc48h,84795230.0,335159.0118577075,2330036.0,9209.628458498024,18010.0,19726.0,52698.0,253,0.02854488395160907,2.9875520833333336,233,92.09486166007905
8,amthuccohuong,54799853.0,434919.4682539682,1767005.0,14023.849206349207,47451.0,31218.0,52388.0,126,0.03463626079434921,2.0077314814814815,95,75.39682539682539
9,amthuctrunghoadaily,18610035.0,224217.2891566265,391936.0,4722.120481927711,6361.0,45640.0,48578.0,83,0.026465022768629935,1.1351157407407408,83,100.0
10,anchoidieunghe,70671500.0,436243.8271604938,1964928.0,12129.185185185184,14679.0,130778.0,254363.0,162,0.033461126479556826,3.686215277777778,139,85.80246913580247
11,anchoivungtau72,311750792.0,152073.55707317073,6857444.0,3345.0946341463414,219197.0,1621856.0,1810223.0,2050,0.033708719495410294,0.3043518518518518,323,15.75609756097561
12,ancungdaune,124409200.0,227024.08759124088,3747630.0,6838.740875912409,68671.0,683158.0,742122.0,548,0.042131779643306125,1.0030266203703704,548,100.0
13,angithuongoi,494879300.0,937271.4015151515,14467884.0,27401.295454545456,155612.0,757698.0,693217.0,528,0.03248147780681067,1.0023090277777778,516,97.72727272727273
14,annhungkhongbeo,153762755.0,489690.3025477707,4059945.0,12929.761146496816,57826.0,354104.0,369811.0,314,0.031488028424048464,1.996736111111111,314,100.0
15,annievu259,141366754.0,410949.86627906974,4409525.0,12818.386627906977,65446.0,750687.0,893955.0,344,0.04328891218652442,1.9571469907407408,323,93.8953488372093
16,ansaphanoi,117312900.0,558632.8571428572,3543597.0,16874.27142857143,33127.0,139028.0,258865.0,210,0.0338804769125987,2.9852430555555554,208,99.04761904761905
17,ansapsaigon,100225178.0,205801.1868583162,2727177.0,5599.952772073922,46231.0,654356.0,926312.0,487,0.043442936065426596,1.110066550925926,474,97.3305954825462
18,ansongnoigio,118095300.0,929884.2519685039,5141066.0,40480.83464566929,23013.0,109253.0,219883.0,127,0.04651510263321233,1.9515943287037036,125,98.4251968503937
19,anvattuoithoo1,176614100.0,1051274.4047619049,3260209.0,19406.005952380954,36433.0,121978.0,310717.0,168,0.021115737644955865,1.0750462962962963,145,86.30952380952381
20,anvedem,415709400.0,1198009.7982708933,15418327.0,44433.21902017291,111825.0,295076.0,799345.0,347,0.03999085178251923,1.9061487268518518,264,76.0806916426513
21,bachuareview,150075379.0,222333.89481481482,3805950.0,5638.444444444444,89739.0,1041818.0,1179006.0,675,0.040756272219709004,0.9839380787037038,672,99.55555555555556
22,bang.bang.oi,34143945.0,115742.18644067796,508262.0,1722.922033898305,16052.0,176576.0,28997.0,295,0.021376762409850415,1.074207175925926,295,100.0
23,banhudayyy,131860259.0,380000.7463976945,4923656.0,14189.21037463977,65079.0,302132.0,422731.0,347,0.043330705121700085,1.7880381944444446,318,91.64265129682997
24,baoyennaucom,130239317.0,398285.37308868504,2844908.0,8700.024464831804,67780.0,520965.0,444453.0,327,0.029776768562138574,1.0510503472222223,326,99.69418960244649
25,bepcongchua25,41563007.0,290650.3986013986,489812.0,3425.2587412587413,14685.0,33726.0,75459.0,143,0.014765101090977369,3.9912008101851852,122,85.3146853146853
26,bepnhachin,111681647.0,322779.32658959535,1749085.0,5055.158959537573,52789.0,311531.0,296008.0,346,0.021573938643651987,1.0065162037037036,331,95.66473988439307
27,bepnhano,220116600.0,714664.2857142857,5443398.0,17673.37012987013,33490.0,201311.0,726608.0,308,0.029097337502033013,2.0,286,92.85714285714286
28,beptruongreview,107479613.0,399552.46468401485,3004819.0,11170.330855018587,33159.0,105256.0,193519.0,269,0.03104545045207783,2.101394675925926,221,82.15613382899627
29,bestfoodintownn,18018907.0,74458.29338842975,586405.0,2423.1611570247933,3713.0,16735.0,34866.0,242,0.03561364737605894,2.6435532407407405,73,30.165289256198346
30,binbunne,495845200.0,999687.9032258064,17185042.0,34647.2620967742,129044.0,958254.0,2898867.0,496,0.042697210742384924,1.0964814814814814,494,99.59677419354838
31,binhl3,46474200.0,418686.4864864865,2020885.0,18206.171171171172,15585.0,14526.0,63194.0,111,0.04549169216468492,1.5038252314814813,0,0.0
32,biteswithlily,411419700.0,3140608.396946565,37414800.0,285609.1603053435,112158.0,1018818.0,2596205.0,131,0.10000002673668762,4.559372106481482,1,0.7633587786259541
33,bon.tq1,490297500.0,1396858.9743589743,10866664.0,30959.156695156697,134085.0,1108210.0,2032303.0,351,0.028842207027366038,1.9601244212962963,333,94.87179487179486
34,boytubynv02,27576700.0,745316.2162162162,871490.0,23553.783783783783,13034.0,18434.0,63519.0,37,0.0350468692773247,7.995940393518519,35,94.5945945945946
35,buanaodian,32102841.0,125401.72265625,774010.0,3023.4765625,19273.0,240424.0,225985.0,256,0.0392392685743919,2.082800925925926,245,95.703125
36,camap.duu,48026739.0,294642.5705521472,973466.0,5972.184049079755,14267.0,95751.0,231265.0,163,0.027375354383315512,3.1178269675925923,162,99.38650306748467
37,canquetsaigon,81007090.0,217760.99462365592,2849552.0,7660.086021505376,33140.0,410484.0,539409.0,372,0.04731172296153337,1.7773842592592592,274,73.65591397849462
38,cao.minhtrang,43967100.0,354573.3870967742,759969.0,6128.782258064516,10725.0,45792.0,135513.0,124,0.021652531097115797,4.009484953703704,111,89.51612903225806
39,caogiang_chef,96507124.0,298783.66563467495,2084736.0,6454.2910216718265,56860.0,303734.0,577267.0,323,0.03131993654686052,1.9990798611111111,2,0.6191950464396285
40,chef_hugo_hieu,56067200.0,539107.6923076923,1854622.0,17832.903846153848,33912.0,64421.0,145821.0,104,0.03743322298955539,6.82380787037037,97,93.26923076923077
41,chichichanhchanh_day,42510689.0,147095.80968858133,1838201.0,6360.557093425606,27841.0,123034.0,238872.0,289,0.05240912467920715,1.3707667824074072,254,87.88927335640139
42,childhoodsnack,710422495.0,2650830.2052238807,29321700.0,109409.32835820895,268761.0,1201494.0,2307630.0,268,0.04659140896150818,1.0408101851851852,24,8.955223880597014
43,chuppywithropie,45959200.0,248428.1081081081,1708117.0,9233.064864864866,27346.0,164061.0,199887.0,185,0.045679885637696045,3.025121527777778,181,97.83783783783784
44,cobebicannn,169260767.0,416898.44088669954,2602306.0,6409.620689655172,29330.0,299282.0,780576.0,406,0.02192766856598257,1.8747685185185186,134,33.004926108374384
45,cocikyg,150323251.0,69755.56890951276,2136940.0,991.6194895591648,45.0,44719.0,134387.0,2155,0.015407403609172875,0.004681712962962963,0,0.0
46,cokkkinggggggg,191173.0,1137.9345238095239,4753.0,28.291666666666668,289.0,113.0,225.0,168,0.028142049347972778,0.5864583333333333,2,1.1904761904761905
47,comnhain,239199700.0,467186.9140625,6816967.0,13314.388671875,145515.0,889912.0,761821.0,512,0.036012649681416826,1.0061342592592593,504,98.4375
48,conluoireview,47895400.0,102340.5982905983,1285394.0,2746.568376068376,23260.0,379713.0,588780.0,468,0.04754416916864668,1.044664351851852,377,80.55555555555556
49,cothanquan,9586651.0,143084.3432835821,167234.0,2496.0298507462685,4381.0,52987.0,53278.0,67,0.028986139163718384,9.47040798611111,63,94.02985074626866
50,cuoideyyy,53999000.0,339616.3522012579,2015579.0,12676.59748427673,15438.0,35639.0,107743.0,159,0.04026739384062668,3.9409895833333333,68,42.76729559748428
51,daitiengnoianuong,25998032.0,89340.31615120274,815000.0,2800.687285223368,15387.0,199679.0,239846.0,291,0.048846466532543695,2.004175347222222,279,95.87628865979381
52,dajsytran.92,61226143.0,377939.15432098764,986685.0,6090.648148148148,20619.0,149325.0,251213.0,162,0.022994131771455862,1.1101851851851852,155,95.67901234567901
53,dancychun,52016150.0,207235.65737051793,2723736.0,10851.537848605578,18084.0,86103.0,221373.0,251,0.05862210102054843,1.976921296296296,205,81.67330677290838
54,diachi_anuong,132203472.0,238634.42599277978,4922082.0,8884.624548736461,55846.0,493157.0,764718.0,554,0.04716822414467299,1.031412037037037,543,98.014440433213
55,diadiemanuong,144846105.0,251906.2695652174,2435986.0,4236.497391304348,56378.0,374900.0,445234.0,575,0.022869085779006624,1.0,571,99.30434782608695
56,dianthoii_,85740800.0,275693.8906752412,2158448.0,6940.347266881029,43054.0,647121.0,989399.0,311,0.04476307662163171,2.000005787037037,310,99.67845659163987
57,dichoimoingay,137300059.0,219329.1677316294,4084814.0,6525.261980830671,97055.0,1388469.0,1355365.0,626,0.050442097770693604,0.977662037037037,68,10.86261980830671
58,didauofficial,73695187.0,160555.96296296295,1407693.0,3066.8692810457514,28700.0,212619.0,294055.0,459,0.02636626731132387,1.0069444444444444,451,98.25708061002179
59,didausaigon,97385467.0,251642.03359173128,2113238.0,5460.56330749354,34568.0,362495.0,558256.0,387,0.031509393490919954,1.0504600694444444,387,100.0
60,dieumi2019,57139882.0,601472.4421052631,1585578.0,16690.294736842105,15488.0,116024.0,487332.0,95,0.038579393636129666,4.05267650462963,91,95.78947368421052
61,djmievn,749230700.0,1495470.4590818363,34060127.0,67984.28542914172,292670.0,727775.0,800122.0,501,0.047890047751647125,1.0376649305555554,426,85.02994011976048
62,doiquatroioiii,38966000.0,512710.5263157895,1417929.0,18656.96052631579,11078.0,18878.0,60210.0,76,0.03870284350459375,3.5256828703703706,67,88.1578947368421
63,dongvanhung.official,4371200.0,874240.0,184800.0,36960.0,1668.0,538.0,4022.0,5,0.04370150073206442,141.0478877314815,0,0.0
64,ducanhhaman,22499257.0,108692.06280193236,699017.0,3376.8937198067633,13048.0,37330.0,63277.0,207,0.03611994831651552,2.1273466435185187,207,100.0
65,eatcleancungnhu,7909300.0,494331.25,461794.0,28862.125,11951.0,28048.0,19405.0,16,0.06589685560036919,2.030989583333333,0,0.0
66,eatwhning,65289576.0,197249.4743202417,1656462.0,5004.416918429003,22838.0,273717.0,272162.0,331,0.034081688629743895,1.989212962962963,322,97.2809667673716
67,eatwithhoen_,35585251.0,68433.175,947385.0,1821.8942307692307,24032.0,304552.0,323751.0,520,0.044954579637502066,1.0039351851851852,425,81.73076923076923
68,eatwpeach,302725800.0,867409.1690544413,11645593.0,33368.46131805157,50804.0,321327.0,718223.0,349,0.0420709004650413,1.3318287037037038,344,98.56733524355302
69,emlyreview,313633400.0,911725.0,13708822.0,39851.226744186046,49803.0,354103.0,696877.0,344,0.0472194766246197,1.9917592592592592,194,56.395348837209305
70,fahudiary,8375904.0,96274.75862068965,334469.0,3844.4712643678163,2395.0,12093.0,92531.0,87,0.05270929561752379,2.032042824074074,15,17.24137931034483
71,fancywithtrang_,55678627.0,284074.6275510204,1151079.0,5872.852040816327,34059.0,382717.0,485759.0,196,0.03688334484253716,3.0002951388888888,196,100.0
72,food_wanderlust,58250385.0,288368.2425742574,1078250.0,5337.8712871287125,40941.0,357510.0,435609.0,202,0.03282913924088227,3.0002430555555555,202,100.0
73,football.uk_,19184707.0,85265.36444444445,739075.0,3284.777777777778,2780.0,9555.0,37226.0,225,0.041107534245897005,1.1580758101851851,2,0.8888888888888888
74,gauto179,44213100.0,188140.8510638298,1080784.0,4599.08085106383,8290.0,32001.0,80235.0,235,0.02717090636033212,2.1782233796296295,186,79.14893617021276
75,gauvlogs1997,237028700.0,1044179.295154185,5955936.0,26237.603524229075,59865.0,159999.0,236012.0,227,0.02705078330176894,2.9847106481481482,201,88.54625550660793
76,genjadao,267781600.0,1075428.1124497992,6641851.0,26674.100401606425,39323.0,339629.0,1067557.0,249,0.03020506263313088,2.256119791666667,30,12.048192771084338
77,giadinhdidi,91773169.0,310044.48986486485,2597143.0,8774.131756756757,22887.0,18009.0,143535.0,296,0.0303092290514671,1.800306712962963,90,30.405405405405407
78,giang.ghin.chill,81403420.0,291768.5304659498,2335612.0,8371.36917562724,37859.0,571115.0,367112.0,279,0.040682541347771384,1.3228096064814816,261,93.54838709677419
79,gianggiamcan94,27405768.0,91965.6644295302,1088328.0,3652.1073825503354,28907.0,16099.0,88201.0,298,0.04457218640980979,1.9987152777777777,285,95.63758389261746
80,haidangrevieww,483652000.0,1904141.7322834646,18043753.0,71038.39763779528,158097.0,161987.0,674529.0,254,0.03936376981796829,2.2974537037037037,207,81.49606299212599
81,haiduaminhvuighe,12705359.0,189632.223880597,465089.0,6941.626865671642,9440.0,54728.0,100355.0,67,0.04955483745087408,8.634262152777778,65,97.01492537313433
82,haisieuvia,127080437.0,403429.95873015875,3370890.0,10701.238095238095,45130.0,218037.0,260419.0,315,0.03064575549106744,1.9853327546296295,158,50.15873015873016
83,halinhofficial,1002800000.0,5039195.979899498,32756100.0,164603.51758793968,524627.0,1151861.0,1627684.0,199,0.035959585161547666,3.4456047453703706,9,4.522613065326634
84,halongtrongbung,22721700.0,270496.4285714286,487066.0,5798.4047619047615,19015.0,32147.0,38818.0,84,0.025396251160784623,7.991828703703703,76,90.47619047619048
85,hanhhealthy_,2192672.0,20302.51851851852,68380.0,633.1481481481482,1464.0,926.0,4983.0,108,0.034548258927919906,5.680943287037038,4,3.7037037037037033
86,hanjiun,70324353.0,186536.74535809018,2349154.0,6231.1777188328915,52593.0,343395.0,351482.0,377,0.04403345168351567,1.2920399305555554,375,99.46949602122017
87,hanoiangi,159816621.0,395585.69554455444,4192765.0,10378.131188118812,76894.0,668311.0,867270.0,404,0.036324382055355806,1.1087094907407409,401,99.25742574257426
88,hao_thich_vao_bep,75225244.0,231462.28923076924,1086364.0,3342.6584615384613,31291.0,161014.0,294336.0,325,0.020910600170336437,0.9989785879629629,284,87.38461538461539
89,hapudayne,131892695.0,566063.0686695279,5601070.0,24038.92703862661,34497.0,79281.0,188414.0,233,0.04475806639632316,2.949435763888889,66,28.32618025751073
90,harburgery,203128000.0,971904.3062200957,14526895.0,69506.67464114832,37833.0,81716.0,365906.0,209,0.07390586231341814,2.9999971064814814,50,23.923444976076556
91,hasibkhan1171,480145800.0,1140488.8361045131,22724739.0,53978.002375296914,308929.0,1590528.0,3176320.0,421,0.05790015449473889,1.2554340277777778,1,0.23752969121140144
92,hellosolsol,156844500.0,866544.1988950276,8009448.0,44251.09392265193,29053.0,72454.0,210812.0,181,0.0530574358680094,3.22990162037037,168,92.81767955801105
93,himxngot,530574400.0,2368635.714285714,31531777.0,140766.86160714287,93531.0,292421.0,1039217.0,224,0.062115597737093985,2.733599537037037,135,60.26785714285714
94,hoanganhdeptrailam,435115100.0,2033248.1308411215,16920149.0,79066.1168224299,195426.0,495734.0,532894.0,214,0.04169977782890091,2.166145833333333,207,96.72897196261682
95,hoanganhvaobep,15016018.0,231015.66153846154,257051.0,3954.630769230769,4679.0,44413.0,92772.0,65,0.026565964425455536,1.9868229166666669,65,100.0
96,hoshiphan,118817500.0,1563388.1578947369,2685065.0,35329.80263157895,23113.0,58273.0,135583.0,76,0.02442429776758474,7.156689814814815,26,34.21052631578947
97,huong_67,316881700.0,825212.7604166666,6937988.0,18067.677083333332,142535.0,264115.0,356174.0,384,0.0243018514480325,1.0473148148148148,223,58.072916666666664
98,huynhanhtuan_dienvien,379629600.0,1512468.5258964144,11350304.0,45220.33466135458,108559.0,245885.0,583569.0,251,0.03236922779467144,2.364728009259259,223,88.84462151394422
99,ilovenaomip,229678890.0,564321.5970515971,5611745.0,13788.071253071254,37223.0,281448.0,346625.0,407,0.027329638348565687,1.3194010416666666,342,84.02948402948402
100,jaynitravel,21494835.0,119415.75,667002.0,3705.5666666666666,21521.0,197112.0,215906.0,180,0.05124677626043652,3.699369212962963,9,5.0
101,josephthexplorerofficial,13301532.0,192775.8260869565,735488.0,10659.246376811594,5758.0,12368.0,23593.0,69,0.05842988612138812,3.298958333333333,0,0.0
102,khaikhampha,257181900.0,635017.0370370371,8390052.0,20716.17777777778,90286.0,658503.0,1056085.0,405,0.03964091563208764,1.1666001157407406,402,99.25925925925925
103,khanhphuc1305,21183137.0,113887.83333333333,499117.0,2683.4247311827958,19279.0,34095.0,49520.0,186,0.028419350731669252,3.3338425925925925,186,100.0
104,khoasheep,13275995.0,126438.04761904762,480437.0,4575.590476190476,7832.0,127679.0,188689.0,105,0.060608413907959444,5.688116319444444,103,98.09523809523809
105,khoibepvagio,24632327.0,155900.80379746837,659192.0,4172.101265822785,19390.0,20230.0,43528.0,158,0.030136819797820968,3.032141203703704,151,95.56962025316456
106,kim_yen_en_gc,9405887.0,41803.94222222222,145436.0,646.3822222222223,4317.0,20062.0,47492.0,225,0.023103296903311723,2.0717708333333333,139,61.77777777777778
107,kudog_5339,615191061.0,458072.2717795979,10967189.0,8166.186895011169,138856.0,1310491.0,558573.0,1343,0.021091185848683844,0.5639872685185185,1190,88.60759493670885
108,kyn99er,99847214.0,234934.6211764706,2125268.0,5000.630588235294,64348.0,621275.0,518304.0,425,0.03334289327291596,1.2535590277777777,265,62.35294117647059
109,laaainebernardo,492521600.0,1356808.8154269971,17359940.0,47823.5261707989,135945.0,1034872.0,1281185.0,363,0.040225529195064745,1.8770283564814816,1,0.27548209366391185
110,langthangsaigon59,36905082.0,85825.77209302326,844689.0,1964.393023255814,28428.0,259979.0,266168.0,430,0.03791521178573726,1.170798611111111,338,78.6046511627907
111,lankhapsaigon,40688164.0,107356.63324538259,843993.0,2226.8944591029026,27086.0,283955.0,329467.0,379,0.036484836229032105,1.9587326388888888,240,63.3245382585752
112,lee.haydi,100271376.0,181980.71869328493,2081985.0,3778.557168784029,47102.0,355970.0,256978.0,551,0.027346139141443515,1.0225781250000001,458,83.12159709618875
113,lenkycungkhoa,176137340.0,494767.80898876407,4723931.0,13269.469101123595,58804.0,333783.0,519735.0,356,0.03199919449220705,1.7721875,348,97.75280898876404
114,letuanvu20,63271679.0,242420.22605363984,1441933.0,5524.6475095785445,39248.0,322766.0,181196.0,261,0.03137490629891456,2.008072916666667,187,71.64750957854406
115,lifeofcian,1078052200.0,4812733.035714285,78595378.0,350872.22321428574,372439.0,3812122.0,5218983.0,224,0.08162770040263356,2.9851157407407407,0,0.0
116,longlongneee,44409418.0,139214.47648902822,1317494.0,4130.075235109718,23303.0,261883.0,318994.0,319,0.04327176726342147,1.971273148148148,319,100.0
117,longquandui,38462661.0,151427.79921259842,1258108.0,4953.181102362205,22135.0,234833.0,289108.0,254,0.04690741496018697,2.035509259259259,240,94.48818897637796
118,lontodagi,64213900.0,1126559.649122807,4456123.0,78177.59649122808,36070.0,126471.0,160097.0,57,0.07441941697981279,7.0,55,96.49122807017544
119,lueating,40601040.0,160478.418972332,680122.0,2688.2292490118575,10344.0,89268.0,93471.0,253,0.021506961398033153,2.043582175925926,230,90.9090909090909
120,lyluclac28,38407111.0,254351.72847682118,1159022.0,7675.64238410596,14480.0,20840.0,69545.0,151,0.032907630047987725,3.0099971064814817,145,96.02649006622516
121,manhoangcao,402633500.0,1374175.7679180887,14739295.0,50304.76109215017,91260.0,204483.0,620536.0,293,0.03888293944741309,2.2854456018518516,210,71.67235494880546
122,manman0712,75879922.0,393160.2176165803,2242873.0,11621.103626943006,18811.0,213113.0,265867.0,193,0.03611843459723114,1.9889207175925927,188,97.40932642487047
123,miainkorea,342030500.0,1598273.3644859814,20993500.0,98100.46728971963,68795.0,95807.0,405687.0,214,0.06304639206152668,2.9907407407407405,21,9.813084112149532
124,minn.cookie,188018600.0,519388.39779005526,6696943.0,18499.842541436465,54600.0,502177.0,807400.0,362,0.04287405607743064,1.760324074074074,361,99.72375690607734
125,mokhoet_hanoi,51882067.0,355356.62328767125,1412525.0,9674.828767123288,19945.0,122573.0,177420.0,146,0.03339232802733168,3.263564814814815,145,99.31506849315068
126,monngonguiban,137265994.0,269149.00784313725,2671912.0,5239.043137254902,30259.0,365415.0,410394.0,510,0.025337520959488335,0.9837962962962963,495,97.05882352941177
127,mrj.vlogs,387205200.0,2175310.112359551,13321805.0,74841.60112359551,134637.0,586952.0,622782.0,178,0.037877011982277095,4.033368055555555,0,0.0
128,mukbang68682,8814641.0,36575.27385892116,134269.0,557.1327800829876,3038.0,2721.0,7776.0,241,0.016768011312088604,1.6578038194444444,190,78.83817427385893
129,muoidian,129601532.0,138463.17521367522,5140517.0,5492.005341880342,97739.0,718428.0,760198.0,936,0.05182718056141497,0.8312152777777778,935,99.8931623931624
130,muoitoday,174605323.0,695638.7370517928,5693337.0,22682.617529880477,271491.0,203589.0,352426.0,251,0.037346186748269984,2.2706105324074075,196,78.08764940239044
131,nangdausapa,205805100.0,683737.8737541528,3885220.0,12907.707641196013,75696.0,615034.0,266594.0,301,0.0235297570371191,2.0069791666666665,0,0.0
132,nartman.review,15192516.0,303850.32,568674.0,11373.48,4787.0,18104.0,30761.0,50,0.04096266872452199,12.001944444444446,24,48.0
133,nauancungn,40259109.0,100147.03731343284,580257.0,1443.4253731343283,21510.0,71140.0,126772.0,402,0.019863305966359067,1.1560069444444445,399,99.25373134328358
134,nauandelam.kongnc,271710243.0,734352.0081081081,5823506.0,15739.205405405406,88684.0,772458.0,1911204.0,370,0.03163609845949017,1.0123842592592591,363,98.1081081081081
135,naucunghang,99209891.0,324215.3300653595,1362690.0,4453.235294117647,44936.0,238529.0,335048.0,306,0.01996981329210411,1.0578356481481481,305,99.67320261437908
136,neooididau,41400188.0,107812.98958333333,1073970.0,2796.796875,17576.0,145205.0,127156.0,384,0.032944463923690395,1.7035127314814815,332,86.45833333333334
137,ng.hamii,61730156.0,97829.09033280508,1567263.0,2483.7765451664027,34276.0,517261.0,602223.0,631,0.04407931514056112,0.989230324074074,608,96.35499207606973
138,ngaymaibanangi,30807213.0,122737.90039840637,656334.0,2614.8764940239043,11340.0,147110.0,161651.0,251,0.0316950124634773,2.7643431712962965,246,98.00796812749005
139,nghetrinhhh,44412155.0,246734.19444444444,1511919.0,8399.55,10148.0,150284.0,513393.0,180,0.049214995309279634,2.0081018518518516,170,94.44444444444444
140,nglethuthuy,132256500.0,429404.2207792208,3183612.0,10336.402597402597,23434.0,275509.0,510579.0,308,0.03019234593384824,2.0016550925925927,268,87.01298701298701
141,ngoafood_,50765702.0,172087.1254237288,1900287.0,6441.650847457627,25221.0,138263.0,165137.0,295,0.04390578505149008,2.003859953703704,293,99.32203389830508
142,ngockhanhday,167521384.0,703871.3613445378,5412720.0,22742.52100840336,40430.0,64616.0,191044.0,238,0.034078097158032075,2.2949652777777776,18,7.563025210084033
143,ngocly2608,235122300.0,858110.5839416059,6888185.0,25139.361313868612,56792.0,86339.0,313422.0,274,0.03123794723001604,2.1933217592592595,168,61.31386861313869
144,ngocsfood,21248890.0,112427.98941798942,688065.0,3640.5555555555557,10625.0,139084.0,164274.0,189,0.04715766329441209,3.016880787037037,189,100.0
145,nguoingonanngon,43413724.0,103612.70644391408,1067841.0,2548.546539379475,31104.0,278746.0,354808.0,419,0.039906712448809965,1.05609375,417,99.52267303102626
146,nguyenchenno_,70434584.0,432114.01226993866,3760878.0,23072.87116564417,40464.0,256332.0,383878.0,163,0.06305924941645144,4.017384259259259,96,58.895705521472394
147,nguyenhimatto,243943600.0,838294.1580756013,8579380.0,29482.405498281787,65412.0,101745.0,297113.0,291,0.037072708609695026,2.0194039351851854,42,14.432989690721648
148,nguyentrungduongct,80744500.0,514296.178343949,1701263.0,10836.070063694267,12541.0,44958.0,106139.0,157,0.023096322350129112,3.5873148148148144,110,70.06369426751591
149,nh.bi.review,542992400.0,1616048.8095238095,12183557.0,36260.58630952381,137985.0,536534.0,562426.0,336,0.024715819226935772,1.9865046296296296,46,13.690476190476192
150,nhabinday,40151005.0,205902.58974358975,912890.0,4681.48717948718,12356.0,28233.0,89437.0,195,0.02597484172563053,3.015963541666667,140,71.7948717948718
151,nhandian,226641862.0,486355.9270386266,7725314.0,16577.92703862661,137136.0,737864.0,947384.0,466,0.04212680709444577,1.035474537037037,327,70.17167381974248
152,nhaphomaigovap,48789941.0,435624.47321428574,1292490.0,11540.089285714286,17282.0,89130.0,112149.0,112,0.030970543702850552,3.369346064814815,7,6.25
153,nhatlinh160519,50118479.0,205403.6024590164,754750.0,3093.2377049180327,16986.0,75797.0,189322.0,244,0.02068807794426483,2.082708333333333,224,91.80327868852459
154,nhinhidaibandoanh,20139122.0,120593.54491017964,601815.0,3603.682634730539,15752.0,61326.0,89740.0,167,0.038166162358021366,4.033275462962963,162,97.0059880239521
155,niengranghayan,28463215.0,118596.72916666667,800601.0,3335.8375,18526.0,227462.0,230976.0,240,0.04488477496305319,2.212390046296296,156,65.0
156,ninhtito,58735000.0,506336.2068965517,2351907.0,20275.060344827587,23671.0,203844.0,373717.0,116,0.050279032944581595,5.024155092592593,78,67.24137931034483
157,nuchuu.0401,96947660.0,277786.99140401144,4074821.0,11675.704871060172,35912.0,197867.0,349346.0,349,0.04804598687580494,1.9555266203703703,340,97.42120343839542
158,oneeatclean_918,1343117.0,11885.991150442478,22557.0,199.61946902654867,1424.0,319.0,1934.0,113,0.019532177762622317,4.975610532407408,55,48.67256637168141
159,papyayy,21369258.0,158290.8,1236441.0,9158.822222222223,17391.0,211707.0,606201.0,135,0.09694955248329165,4.175679976851852,7,5.185185185185185
160,phamtrang.2401,52481809.0,186768.00355871886,1288846.0,4586.640569395018,17601.0,254615.0,279773.0,281,0.03507567736470364,2.0057320601851854,260,92.52669039145907
161,phongvnguyntrn,48757628.0,198201.73983739837,1721535.0,6998.109756097561,35980.0,270813.0,393226.0,246,0.049665131371854264,2.392349537037037,224,91.05691056910568
162,phucphungphinh203,40869769.0,189211.8935185185,966318.0,4473.694444444444,18861.0,247548.0,336485.0,216,0.03839542131985135,2.6682986111111116,195,90.27777777777779
163,phuongoanh.daily,266180357.0,583728.8530701754,5681639.0,12459.734649122807,86119.0,149401.0,224947.0,456,0.02307497844403297,1.0089409722222222,357,78.28947368421053
164,ptkn220604,31894100.0,253127.77777777778,1206747.0,9577.357142857143,8959.0,23950.0,39012.0,126,0.04009105132297196,5.0395717592592595,0,0.0
165,putaangi,105485400.0,408858.1395348837,3355914.0,13007.418604651162,26083.0,145623.0,257296.0,258,0.03588094655753308,2.088391203703704,256,99.2248062015504
166,quankhonggo,503942400.0,1362006.4864864864,23961044.0,64759.57837837838,176507.0,833126.0,1323699.0,370,0.05217734407741837,1.112650462962963,310,83.78378378378379
167,reviewcuisine,423242605.0,867300.4200819673,9724377.0,19927.002049180326,217347.0,278270.0,618198.0,488,0.02560751652116875,1.002025462962963,480,98.36065573770492
168,reviewsaigon54,15635016.0,56444.10108303249,281405.0,1015.9025270758123,4615.0,57178.0,132848.0,277,0.030447426468895204,1.9992939814814814,209,75.45126353790613
169,ro_thichnauan,1664811.0,184979.0,28257.0,3139.6666666666665,568.0,1819.0,1293.0,9,0.019183558974562278,109.13830729166666,8,88.88888888888889
170,saigon.cogi,25730188.0,61703.08872901679,488197.0,1170.7362110311751,15915.0,101732.0,95272.0,417,0.027248770976721973,0.9746354166666666,102,24.46043165467626
171,saigonbeoreview,39359567.0,121480.1450617284,1818497.0,5612.645061728395,22061.0,200378.0,244457.0,324,0.05806448531306251,2.0539872685185183,251,77.46913580246914
172,saigonhoale.vn,82234598.0,172761.7605042017,2195552.0,4612.504201680672,84036.0,293332.0,377956.0,476,0.03588363136401542,1.0527546296296297,4,0.8403361344537815
173,saigonmap,58140648.0,102903.8017699115,1738690.0,3077.3274336283184,32007.0,272110.0,416671.0,565,0.0423022116987757,1.0023466435185184,539,95.39823008849557
174,saigonspringroll,178428000.0,1108248.447204969,4868594.0,30239.714285714286,34010.0,144059.0,254197.0,161,0.029708678010177774,3.7767650462962963,1,0.6211180124223602
175,saigonvivu.vn,148747455.0,144274.93210475266,4105550.0,3982.1047526673133,115127.0,838862.0,751786.0,1031,0.03906839952320529,0.7644646990740741,240,23.278370514064015
176,sapatv,401085342.0,238032.84391691396,6961932.0,4131.710385756676,82934.0,135972.0,227617.0,1685,0.018471019068056593,0.45438657407407407,883,52.40356083086053
177,spicykim9386,416769900.0,1408006.4189189188,11458779.0,38712.09121621621,80717.0,358807.0,396377.0,296,0.02949992309905298,2.0128819444444446,5,1.6891891891891893
178,stayhealthyeasy,26915725.0,160212.64880952382,820330.0,4882.916666666667,12268.0,29179.0,98754.0,168,0.03568661070805264,3.9812962962962963,77,45.83333333333333
179,sukiii00129,4091187.0,26225.55769230769,116167.0,744.6602564102565,2510.0,13842.0,32865.0,156,0.040424453832103004,2.5840046296296295,72,46.15384615384615
180,sun111992,9157255.0,218029.88095238095,209825.0,4995.833333333333,2792.0,19281.0,57402.0,42,0.031592436816491404,14.090208333333335,41,97.61904761904762
181,sutuanchay_78,77212700.0,395962.5641025641,2864764.0,14691.097435897436,56563.0,135554.0,135450.0,195,0.04134463630982986,3.0099855324074074,0,0.0
182,tebefood,51067804.0,110059.9224137931,1480666.0,3191.0905172413795,16663.0,188922.0,253428.0,464,0.03798242430788682,1.0111574074074074,462,99.56896551724138
183,tebetravelmade,19401390.0,77296.37450199203,534611.0,2129.9243027888447,10133.0,122658.0,165453.0,251,0.04292759436308429,1.982800925925926,164,65.33864541832669
184,tgiangmira,99081992.0,432672.4541484716,3913091.0,17087.733624454148,35646.0,86502.0,249413.0,229,0.04324349877826437,2.0842563657407407,226,98.68995633187772
185,thachthuyhuong_88,170759700.0,828930.5825242718,3853649.0,18707.033980582524,75286.0,373869.0,575590.0,206,0.028568766518095312,2.010358796296296,205,99.51456310679612
186,thangmucbang,244384000.0,651690.6666666666,7872885.0,20994.36,74350.0,172397.0,412347.0,375,0.03491218328532146,1.8676909722222224,321,85.6
187,thanhhungbth85,596299800.0,2494978.242677824,17689681.0,74015.40167364017,259003.0,389820.0,691364.0,239,0.031913255714658965,2.7233304398148146,27,11.297071129707113
188,thanhnureview,23330447.0,128897.49723756906,722432.0,3991.3370165745855,12572.0,119275.0,182268.0,181,0.04442893871686213,3.0044097222222224,101,55.80110497237569
189,thaothao300491,30028190.0,153205.05102040817,601884.0,3070.8367346938776,9903.0,64316.0,162726.0,196,0.027934717343935815,1.2628125000000001,172,87.75510204081633
190,theotheoriviu,34195172.0,88588.52849740932,1629558.0,4221.652849740933,27778.0,251378.0,200790.0,386,0.06169011227666876,1.3451967592592593,351,90.93264248704664
191,thon_foodie,24961852.0,113981.0593607306,673721.0,3076.351598173516,14991.0,171508.0,234672.0,219,0.043862610835125534,2.975217013888889,199,90.8675799086758
192,thukhoedep,34424673.0,42816.75746268657,646883.0,804.5808457711443,16242.0,12569.0,22634.0,804,0.020285682887968174,0.827494212962963,21,2.6119402985074625
193,thuntuoither,150773000.0,295633.3333333333,4097514.0,8034.341176470588,110035.0,930174.0,781089.0,510,0.03925644511948426,1.0381828703703704,433,84.90196078431373
194,thuyvaobepday,10846903.0,69088.5541401274,200822.0,1279.1210191082803,14821.0,31352.0,60038.0,157,0.028306051967091437,1.2275173611111112,154,98.08917197452229
195,tieumanthaune,215978500.0,860472.1115537848,9153959.0,36469.95617529881,44013.0,73978.0,218317.0,251,0.04394079503283892,2.1300491898148146,244,97.21115537848605
196,tieusanhanuong,18356827.0,55965.935975609755,434037.0,1323.283536585366,19135.0,108856.0,163658.0,328,0.03953221327411322,0.7644039351851851,308,93.90243902439023
197,tinathaothidaily,973279000.0,1904655.5772994128,46644882.0,91281.56947162427,410711.0,1503677.0,2002610.0,511,0.0519500369369934,1.0111516203703703,0,0.0
198,tinhtungtangvn,227393717.0,255498.55842696628,5648116.0,6346.197752808989,145755.0,1816297.0,1360225.0,890,0.03944872848003975,0.7291319444444445,855,96.06741573033707
199,titbeolaocai,385490600.0,920025.2983293557,14328010.0,34195.72792362769,88797.0,192372.0,581151.0,419,0.039405189127828276,1.0052459490740742,419,100.0
200,tocvang.hoe,457163000.0,2078013.6363636365,13731903.0,62417.740909090906,256657.0,449753.0,623651.0,220,0.032946594540678054,2.4927430555555556,189,85.9090909090909
201,toiladansaigon,170320280.0,176497.69948186527,3508039.0,3635.2735751295336,113579.0,915965.0,574619.0,965,0.030015227781447988,0.7631105324074073,254,26.321243523316063
202,traanxngg,115628190.0,254127.8901098901,3419358.0,7515.072527472527,27025.0,241163.0,441571.0,455,0.03571029694402377,1.0425231481481483,216,47.47252747252747
203,trade.travatrasua,100655715.0,298681.646884273,2661543.0,7897.753709198813,25741.0,398157.0,282799.0,337,0.033462978232284175,1.9890190972222221,297,88.13056379821958
204,trahanh2000,28932546.0,145389.6783919598,985535.0,4952.437185929648,11682.0,110053.0,148581.0,199,0.043406169647150994,2.955324074074074,61,30.65326633165829
205,trangheothi,32297403.0,290967.5945945946,1072546.0,9662.576576576577,9721.0,79043.0,414469.0,111,0.048789650362909984,5.921255787037037,108,97.2972972972973
206,trangtam2607,225727000.0,1335662.7218934912,11417515.0,67559.26035502959,40671.0,113220.0,347979.0,169,0.052804427472123404,3.9771006944444447,160,94.67455621301775
207,trongtoanreview,131130100.0,575132.0175438597,5972578.0,26195.51754385965,198183.0,311598.0,414096.0,228,0.05259246351524173,2.0205902777777776,204,89.47368421052632
208,truonggiangchannel,1885223800.0,2071674.5054945054,48231721.0,53001.89120879121,584157.0,2280246.0,2652300.0,910,0.02851036784067759,0.7216087962962963,0,0.0
209,ttlhealthyfood,6587131.0,37006.35393258427,210497.0,1182.5674157303372,1383.0,22609.0,108403.0,178,0.05205483236935777,2.5360069444444444,0,0.0
210,tuhieutruong,58775520.0,143006.13138686132,2329866.0,5668.773722627737,38187.0,269850.0,372376.0,411,0.05121654389446491,1.3745023148148148,393,95.62043795620438
211,tuilathinhu,275433700.0,2839522.680412371,16122900.0,166215.46391752578,113565.0,132535.0,344547.0,97,0.060680835351665394,6.071215277777778,25,25.773195876288657
212,tunauan68,205754368.0,279178.24694708275,4818061.0,6537.396200814112,148796.0,105289.0,342188.0,737,0.026314551922416538,0.7197569444444444,717,97.28629579375848
213,tungss93,507753895.0,1346827.3076923077,16374483.0,43433.64190981432,163632.0,133264.0,614671.0,377,0.03404415046387778,1.8170746527777777,304,80.63660477453581
214,tuongvipham720,88710673.0,356267.7630522088,2198341.0,8828.678714859438,29981.0,129354.0,166719.0,249,0.028456496998957498,2.030512152777778,53,21.285140562248998
215,utcungdidau,51681494.0,124533.72048192771,1725351.0,4157.472289156626,32467.0,499734.0,698725.0,415,0.05720184869268679,1.210691550925926,343,82.65060240963855
216,vanhieu2210,36129689.0,77365.50107066381,1438572.0,3080.4539614561027,19095.0,23303.0,134681.0,467,0.04471809873591771,1.0018402777777777,147,31.47751605995717
217,vanthuylinh191,158078700.0,681373.7068965518,3253722.0,14024.663793103447,32694.0,177223.0,569287.0,232,0.025512140471802967,2.1846412037037037,220,94.82758620689656
218,vietphuongthoa98,2366902300.0,6821044.09221902,131648400.0,379390.2017291066,725549.0,1376072.0,4956517.0,347,0.05860256166889525,1.9275260416666666,1,0.2881844380403458
219,vimaay,107484455.0,307098.4428571428,3867885.0,11051.1,42013.0,226556.0,249765.0,350,0.04080793822697431,1.9091666666666667,270,77.14285714285715
220,vinhthichanngon,497747800.0,858185.8620689656,31318602.0,53997.589655172414,364856.0,937172.0,1690097.0,580,0.06893195108044677,1.029039351851852,564,97.24137931034483
221,vitaminkk,281226400.0,1814363.8709677418,12381700.0,79881.93548387097,41989.0,139145.0,575079.0,155,0.046716499588943285,3.9988657407407406,155,100.0
222,vovulamreview,54911396.0,200406.55474452555,1070720.0,3907.7372262773724,29536.0,227265.0,221156.0,274,0.028203198476323566,1.9742939814814815,270,98.54014598540147
223,vuonghoang8800,132452800.0,411344.099378882,4987015.0,15487.624223602485,67282.0,605715.0,710169.0,322,0.04809397007839774,1.9494791666666667,164,50.931677018633536
224,whmie_,3922914.0,68823.05263157895,143012.0,2508.9824561403507,1814.0,5233.0,26621.0,57,0.045037948830894584,9.429754050925926,26,45.614035087719294
225,willinvietnam,232539100.0,1243524.5989304814,10703146.0,57236.07486631016,111747.0,62316.0,375078.0,187,0.0483887956907032,3.451834490740741,128,68.44919786096256
226,wottueat,118921512.0,137322.76212471133,2747953.0,3173.1558891454965,58125.0,446653.0,329261.0,866,0.03012063956939935,0.6192939814814815,194,22.401847575057737
227,xienquelaunuong1989,62368238.0,222743.70714285714,1043210.0,3725.75,19561.0,101649.0,107193.0,280,0.020388791487102778,1.0134027777777777,277,98.92857142857143
228,xo_bep,79077400.0,859536.9565217391,1401823.0,15237.20652173913,17896.0,159778.0,414310.0,92,0.02521336058089922,6.15994212962963,87,94.56521739130434
229,yanfoods,1311524029.0,862844.7559210527,39782955.0,26172.996710526317,383454.0,781349.0,1751421.0,1520,0.03255691703380907,0.6180555555555556,12,0.7894736842105263
230,yangiryna,201214500.0,1136805.0847457626,6739280.0,38075.02824858757,67685.0,45034.0,285787.0,177,0.03547351706760696,3.0803935185185183,49,27.683615819209038
231,yeuhanoithichriviu,62248061.0,359815.38150289014,1477585.0,8540.953757225434,38769.0,162195.0,305130.0,173,0.03186732193955407,3.971941550925926,169,97.6878612716763
232,yuuuuto38,731660700.0,3586572.0588235296,42659650.0,209115.931372549,211009.0,1322450.0,3981279.0,204,0.0658425250939404,3.0108680555555556,0,0.0
233,zackiee.m,36097799.0,143245.2341269841,1166740.0,4629.920634920635,26102.0,252678.0,316018.0,252,0.04879904173658898,2.22162037037037,252,100.0
